"","Nscore","Escore","Oscore","Ascore","Cscore","Impulsive","SS"
"Nscore",1,-0.432967246317941,0.0166255899408128,-0.215145199289211,-0.398678550622462,0.17846388203256,0.0813162142142372
"Escore",-0.432967246317941,1,0.236065768459728,0.159064896628078,0.318780114070485,0.108870392654324,0.202318435769603
"Oscore",0.0166255899408128,0.236065768459728,1,0.0328054763412693,-0.0599959220916275,0.265486432261038,0.421004234871169
"Ascore",-0.215145199289211,0.159064896628078,0.0328054763412693,1,0.24960860693404,-0.236371195615538,-0.215850954287813
"Cscore",-0.398678550622462,0.318780114070485,-0.0599959220916275,0.24960860693404,1,-0.353309739797867,-0.235681061724807
"Impulsive",0.17846388203256,0.108870392654324,0.265486432261038,-0.236371195615538,-0.353309739797867,1,0.619812671888335
"SS",0.0813162142142372,0.202318435769603,0.421004234871169,-0.215850954287813,-0.235681061724807,0.619812671888335,1
